Date,Product,Rate / ha,Units,Mn (kg / ha),N (kg / ha),SO3 (kg / ha),K2O (kg / ha),P2O5 (kg / ha)
13/11/2017,Manganese Liquid (15%Mn),1.983,L,0.30,,,,
22/03/2018,Extran 600,235.000,kg,,81.08,,,
21/04/2018,Magnesium Nitrate (eg MagNite/Super80),1.341,L,,,,,
21/04/2018,Manganese Liquid (15%Mn),2.107,L,0.32,,,,
24/04/2018,ACT N Sulphur 21:60,90.000,kg,,18.90,54.00,,
04/05/2018,Extran 600,160.000,kg,,55.20,,,
09/05/2018,Manganese Liquid (15%Mn),2.000,L,0.30,,,,
09/05/2018,Magnesium Nitrate (eg MagNite/Super80),1.300,L,,,,,
10/05/2018,0:20:30,250.000,kg,,,,75.00,50.00
,Total nutrients,,,0.91,155.18,54.00,75.00,50.00
