Heading,Value / Field ha (GBP)),Value (GBP),Value / Unit Output (GBP / t)
Variable Costs,,,
Adjuvants,0.81,6.21,0.126
Herbicides,131.88,1011.48,20.463
Seed / Plants,104.65,802.68,16.239
Trace Elements,5.30,40.69,0.823
Insecticides,1.81,13.87,0.281
Fertiliser,153.42,1176.73,23.806
Growth Regulators,14.89,114.22,2.311
Fungicides,50.56,387.79,7.845
Total Variable Costs,463.32,3553.68,71.894
Outputs,,,
Primary Output,741.14,5684.53,115.000
Total Outputs,741.14,5684.53,115.000
Gross Margin,277.82,2130.86,43.106
Fixed Costs,,,
Establishment,84.56,648.55,13.120
Application,52.55,403.06,8.154
Harvest,68.05,521.94,10.559
Total Fixed Costs,205.16,1573.56,31.833
Net Margin,72.66,557.30,11.273
