,Heading,Product,Units,Applied Date,Applied Area ha,Applied Rate,Applied Quantity,Applied Value Per Applied ha,Applied Value Per Field ha,Applied Value Total GBP,Comment
,Establishment,Plough (Syn),ha,23/08/2017,1.440,1.000,1.440,35.00,6.57,50.40,Plough plot/1 hr 19 mins/36 lts diesel
,Establishment,Carrier (Syn),ha,23/08/2017,1.440,1.000,1.440,26.60,4.99,38.30,Plough plot/22 minutes/11.52 lots diesel
,Establishment,Carrier (Syn),ha,28/08/2017,1.580,1.000,1.580,26.60,5.48,42.03,plough plot/22 minutes/13 lts diesel
,Establishment,Carrier,ha,28/08/2017,2.880,1.000,2.880,26.60,9.99,76.61,Rest of field
,Establishment,Straw Rake (Syn),ha,29/08/2017,3.560,1.000,3.560,14.50,6.73,51.62,LT plot twice/22 mins/5 lts diesel
,Establishment,Sumo LDS,ha,05/09/2017,2.880,1.000,2.880,30.00,11.26,86.40,Rest of field
,Establishment,Sumo LDS (Syn),ha,05/09/2017,1.580,1.000,1.580,30.00,6.18,47.40,MT plot/1hr 13 minutes/28 lts diesel
,Application,Sprayed Lo-Volu,ha,23/09/2017,7.670,1.000,7.670,4.75,4.75,36.43,
,Adjuvants,Glyfast,L,23/09/2017,7.670,0.500,3.835,0.81,0.81,6.21,Pre-drilling blackgrass control
,Herbicides,Touchdown Quattro,L,23/09/2017,7.670,2.500,19.175,10.63,10.63,81.49,
,Seed / Plants,Bazooka,kg,06/10/2017,7.670,107.953,828.000,104.65,104.65,802.68,208 seeds per m sq
,Establishment,Dale Eco Drill,ha,06/10/2017,7.670,1.000,7.670,23.50,23.50,180.25,
,Establishment,Rolled,ha,10/10/2017,7.670,1.000,7.670,9.85,9.85,75.55,
,Herbicides,Crystal,L,14/10/2017,7.670,4.000,30.680,48.32,48.32,370.60,
,Herbicides,Defy,L,14/10/2017,7.670,4.000,30.680,22.87,22.87,175.43,This job sprayed at 200 lts/ha
,Herbicides,Touchdown Quattro,L,14/10/2017,7.670,1.500,11.505,6.38,6.38,48.90,
,Application,Sprayed Lo-Volu,ha,14/10/2017,7.670,1.000,7.670,4.75,4.75,36.43,
,Herbicides,Avadex Excel 15G,kg,26/10/2017,7.670,15.000,115.050,37.31,37.31,286.18,
,Application,Avadex Application,kg,26/10/2017,7.670,1.000,7.670,10.00,10.00,76.70,Total bags for these barley fields is 36
,Trace Elements,Manganese Liquid (15%Mn),L,13/11/2017,7.670,1.983,15.213,1.04,1.04,7.97,Trace element and BYDV application
,Insecticides,Hallmark With Zeon Technology,L,13/11/2017,7.670,0.050,0.384,1.81,1.81,13.87,
,Application,Sprayed Lo-Volu,ha,13/11/2017,7.670,1.000,7.670,4.75,4.75,36.43,
,Fertiliser,Extran 600,kg,22/03/2018,7.670,235.000,1802.450,44.29,44.29,339.70,
,Application,Fert Spread,ha,22/03/2018,7.670,1.000,7.670,4.70,4.70,36.05,
,Growth Regulators,Stefes CCC 720,L,21/04/2018,7.670,1.916,14.693,3.02,3.02,23.20,
,Growth Regulators,Tempo,L,21/04/2018,7.670,0.149,1.144,3.73,3.73,28.60,
,Fungicides,Siltra Xpro,L,21/04/2018,7.670,0.479,3.673,22.51,22.51,172.65,
,Trace Elements,Magnesium Nitrate (eg MagNite/Super80),L,21/04/2018,7.670,1.341,10.285,1.07,1.07,8.23,
,Trace Elements,Manganese Liquid (15%Mn),L,21/04/2018,7.670,2.107,16.163,1.10,1.10,8.47,
,Application,Sprayed Lo-Volu,ha,21/04/2018,7.670,1.000,7.670,4.75,4.75,36.43,
,Fertiliser,ACT N Sulphur 21:60,kg,24/04/2018,7.670,90.000,690.300,17.98,17.98,137.87,
,Application,Fert Spread,ha,24/04/2018,7.670,1.000,7.670,4.70,4.70,36.05,
,Fertiliser,Extran 600,kg,04/05/2018,7.670,160.000,1227.200,30.15,30.15,231.29,"50 % less N on Syngenta Plough Plot (Total 153kgs/N/ha for LT & MT, 126kgs PL)"
,Application,Fert Spread,ha,04/05/2018,7.670,1.000,7.670,4.70,4.70,36.05,
,Fungicides,Siltra Xpro,L,09/05/2018,7.670,0.500,3.835,23.50,23.50,180.24,
,Growth Regulators,Terpal,L,09/05/2018,7.670,0.750,5.753,8.14,8.14,62.41,"OMIT the Terpal where the crop is poor ie the wet areas in Cawthorn, Spring F, School Farm South,Townsend."
,Trace Elements,Magnesium Nitrate (eg MagNite/Super80),L,09/05/2018,7.670,1.300,9.971,1.04,1.04,7.98,
,Herbicides,Minstrel,L,09/05/2018,7.670,0.750,5.753,3.60,3.60,27.61,
,Trace Elements,Manganese Liquid (15%Mn),L,09/05/2018,7.670,2.000,15.340,1.05,1.05,8.04,
,Herbicides,Easel (09878),L,09/05/2018,7.670,0.500,3.835,2.78,2.78,21.28,
,Application,Sprayed Lo-Volu,ha,09/05/2018,7.670,1.000,7.670,4.75,4.75,36.43,
,Fungicides,Bravo 500,L,09/05/2018,7.670,0.700,5.369,4.55,4.55,34.90,
,Fertiliser,0:20:30,kg,10/05/2018,7.670,250.000,1917.500,61.00,61.00,467.87,
,Application,Fert Spread,ha,10/05/2018,7.670,1.000,7.670,4.70,4.70,36.05,
,Primary Output,Winter Barley,t,24/07/2018,7.670,6.445,49.431,741.14,741.14,5684.53,
,Harvest,Combine Chopped Straw,ha,24/07/2018,7.670,1.000,7.670,68.05,68.05,521.94,
